"canonical_path","interface","field","typescript_type","validator","canonical_line","source_authority_key","parity_evidence"
"FieldProvenance.source_id","FieldProvenance","source_id","string","FieldProvenanceSchema","61","FieldProvenance","src/domain/__tests__/property-envelope.type-parity.ts"
"FieldProvenance.source_url","FieldProvenance","source_url","string | null","FieldProvenanceSchema","62","FieldProvenance","src/domain/__tests__/property-envelope.type-parity.ts"
"FieldProvenance.source_document_hash","FieldProvenance","source_document_hash","string | null","FieldProvenanceSchema","63","FieldProvenance","src/domain/__tests__/property-envelope.type-parity.ts"
"FieldProvenance.method","FieldProvenance","method","EvidenceMethod","FieldProvenanceSchema","64","FieldProvenance","src/domain/__tests__/property-envelope.type-parity.ts"
"FieldProvenance.captured_at","FieldProvenance","captured_at","ISODateTime","FieldProvenanceSchema","65","FieldProvenance","src/domain/__tests__/property-envelope.type-parity.ts"
"FieldProvenance.source_effective_date","FieldProvenance","source_effective_date","ISODateTime | null","FieldProvenanceSchema","66","FieldProvenance","src/domain/__tests__/property-envelope.type-parity.ts"
"FieldProvenance.confidence","FieldProvenance","confidence","Confidence","FieldProvenanceSchema","67","FieldProvenance","src/domain/__tests__/property-envelope.type-parity.ts"
"FieldProvenance.epistemic_state","FieldProvenance","epistemic_state","EpistemicState","FieldProvenanceSchema","68","FieldProvenance","src/domain/__tests__/property-envelope.type-parity.ts"
"FieldProvenance.stale_after","FieldProvenance","stale_after","ISODateTime | null","FieldProvenanceSchema","69","FieldProvenance","src/domain/__tests__/property-envelope.type-parity.ts"
"FieldProvenance.freshness_status","FieldProvenance","freshness_status","""current"" | ""stale"" | ""expired""","FieldProvenanceSchema","70","FieldProvenance","src/domain/__tests__/property-envelope.type-parity.ts"
"ReviewGate.gate_type","ReviewGate","gate_type","ReviewGateType","ReviewGateSchema","169","ReviewGate","src/domain/__tests__/property-envelope.type-parity.ts"
"ReviewGate.severity","ReviewGate","severity","""blocking"" | ""warning""","ReviewGateSchema","170","ReviewGate","src/domain/__tests__/property-envelope.type-parity.ts"
"ReviewGate.status","ReviewGate","status","""open"" | ""passed"" | ""failed"" | ""waived_with_reason""","ReviewGateSchema","171","ReviewGate","src/domain/__tests__/property-envelope.type-parity.ts"
"ReviewGate.reason","ReviewGate","reason","string | null","ReviewGateSchema","172","ReviewGate","src/domain/__tests__/property-envelope.type-parity.ts"
"ReviewGate.evidence_ids","ReviewGate","evidence_ids","AshID[]","ReviewGateSchema","173","ReviewGate","src/domain/__tests__/property-envelope.type-parity.ts"
"ReviewGate.reviewed_at","ReviewGate","reviewed_at","ISODateTime | null","ReviewGateSchema","174","ReviewGate","src/domain/__tests__/property-envelope.type-parity.ts"
"ReviewGate.reviewed_by","ReviewGate","reviewed_by","string | null","ReviewGateSchema","175","ReviewGate","src/domain/__tests__/property-envelope.type-parity.ts"
"SourceRegistryEntry.source_id","SourceRegistryEntry","source_id","string","SourceRegistryEntrySchema","220","SourceRegistryEntry","src/domain/__tests__/property-envelope.type-parity.ts"
"SourceRegistryEntry.display_name","SourceRegistryEntry","display_name","string","SourceRegistryEntrySchema","221","SourceRegistryEntry","src/domain/__tests__/property-envelope.type-parity.ts"
"SourceRegistryEntry.authority_rank","SourceRegistryEntry","authority_rank","AuthorityRank","SourceRegistryEntrySchema","222","SourceRegistryEntry","src/domain/__tests__/property-envelope.type-parity.ts"
"SourceRegistryEntry.owner","SourceRegistryEntry","owner","string","SourceRegistryEntrySchema","223","SourceRegistryEntry","src/domain/__tests__/property-envelope.type-parity.ts"
"SourceRegistryEntry.access_mode","SourceRegistryEntry","access_mode","AccessMode","SourceRegistryEntrySchema","224","SourceRegistryEntry","src/domain/__tests__/property-envelope.type-parity.ts"
"SourceRegistryEntry.endpoint_url","SourceRegistryEntry","endpoint_url","string | null","SourceRegistryEntrySchema","225","SourceRegistryEntry","src/domain/__tests__/property-envelope.type-parity.ts"
"SourceRegistryEntry.api_status","SourceRegistryEntry","api_status","""verified"" | ""unverified"" | ""not_available""","SourceRegistryEntrySchema","226","SourceRegistryEntry","src/domain/__tests__/property-envelope.type-parity.ts"
"SourceRegistryEntry.download_status","SourceRegistryEntry","download_status","""available"" | ""available_with_caveats"" | ""not_available""","SourceRegistryEntrySchema","227","SourceRegistryEntry","src/domain/__tests__/property-envelope.type-parity.ts"
"SourceRegistryEntry.auth_type","SourceRegistryEntry","auth_type","""none"" | ""api_key"" | ""oauth"" | ""manual""","SourceRegistryEntrySchema","228","SourceRegistryEntry","src/domain/__tests__/property-envelope.type-parity.ts"
"SourceRegistryEntry.license_or_terms_url","SourceRegistryEntry","license_or_terms_url","string | null","SourceRegistryEntrySchema","229","SourceRegistryEntry","src/domain/__tests__/property-envelope.type-parity.ts"
"SourceRegistryEntry.refresh_cadence","SourceRegistryEntry","refresh_cadence","""realtime"" | ""daily"" | ""weekly"" | ""manual"" | ""event_driven""","SourceRegistryEntrySchema","230","SourceRegistryEntry","src/domain/__tests__/property-envelope.type-parity.ts"
"SourceRegistryEntry.rate_limit_policy","SourceRegistryEntry","rate_limit_policy","string","SourceRegistryEntrySchema","231","SourceRegistryEntry","src/domain/__tests__/property-envelope.type-parity.ts"
"SourceRegistryEntry.schema_contract_version","SourceRegistryEntry","schema_contract_version","string","SourceRegistryEntrySchema","232","SourceRegistryEntry","src/domain/__tests__/property-envelope.type-parity.ts"
"SourceRegistryEntry.last_health_check_at","SourceRegistryEntry","last_health_check_at","ISODateTime | null","SourceRegistryEntrySchema","233","SourceRegistryEntry","src/domain/__tests__/property-envelope.type-parity.ts"
"SourceRegistryEntry.operational_status","SourceRegistryEntry","operational_status","SourceOperationalStatus","SourceRegistryEntrySchema","234","SourceRegistryEntry","src/domain/__tests__/property-envelope.type-parity.ts"
"SourceRegistryEntry.last_successful_retrieval","SourceRegistryEntry","last_successful_retrieval","ISODateTime | null","SourceRegistryEntrySchema","235","SourceRegistryEntry","src/domain/__tests__/property-envelope.type-parity.ts"
"SourceRegistryEntry.last_attempted_retrieval","SourceRegistryEntry","last_attempted_retrieval","ISODateTime | null","SourceRegistryEntrySchema","236","SourceRegistryEntry","src/domain/__tests__/property-envelope.type-parity.ts"
"SourceRegistryEntry.failure_reason","SourceRegistryEntry","failure_reason","string | null","SourceRegistryEntrySchema","237","SourceRegistryEntry","src/domain/__tests__/property-envelope.type-parity.ts"
"SourceRegistryEntry.coverage_municipalities","SourceRegistryEntry","coverage_municipalities","string[]","SourceRegistryEntrySchema","238","SourceRegistryEntry","src/domain/__tests__/property-envelope.type-parity.ts"
"Evidence.evidence_id","Evidence","evidence_id","AshID","EvidenceSchema","270","Evidence","src/domain/__tests__/property-envelope.type-parity.ts"
"Evidence.entity_type","Evidence","entity_type","EvidenceEntityType","EvidenceSchema","271","Evidence","src/domain/__tests__/property-envelope.type-parity.ts"
"Evidence.entity_id","Evidence","entity_id","AshID","EvidenceSchema","272","Evidence","src/domain/__tests__/property-envelope.type-parity.ts"
"Evidence.field_path","Evidence","field_path","string","EvidenceSchema","273","Evidence","src/domain/__tests__/property-envelope.type-parity.ts"
"Evidence.value_json","Evidence","value_json","unknown","EvidenceSchema","274","Evidence","src/domain/__tests__/property-envelope.type-parity.ts"
"Evidence.source_id","Evidence","source_id","string","EvidenceSchema","275","Evidence","src/domain/__tests__/property-envelope.type-parity.ts"
"Evidence.source_url","Evidence","source_url","string | null","EvidenceSchema","276","Evidence","src/domain/__tests__/property-envelope.type-parity.ts"
"Evidence.source_document_hash","Evidence","source_document_hash","string | null","EvidenceSchema","277","Evidence","src/domain/__tests__/property-envelope.type-parity.ts"
"Evidence.method","Evidence","method","EvidenceMethod","EvidenceSchema","278","Evidence","src/domain/__tests__/property-envelope.type-parity.ts"
"Evidence.captured_at","Evidence","captured_at","ISODateTime","EvidenceSchema","279","Evidence","src/domain/__tests__/property-envelope.type-parity.ts"
"Evidence.source_effective_date","Evidence","source_effective_date","ISODateTime | null","EvidenceSchema","280","Evidence","src/domain/__tests__/property-envelope.type-parity.ts"
"Evidence.confidence","Evidence","confidence","Confidence","EvidenceSchema","281","Evidence","src/domain/__tests__/property-envelope.type-parity.ts"
"Evidence.epistemic_state","Evidence","epistemic_state","EpistemicState","EvidenceSchema","282","Evidence","src/domain/__tests__/property-envelope.type-parity.ts"
"Evidence.review_state","Evidence","review_state","EvidenceReviewState","EvidenceSchema","283","Evidence","src/domain/__tests__/property-envelope.type-parity.ts"
"Evidence.reviewer","Evidence","reviewer","string | null","EvidenceSchema","284","Evidence","src/domain/__tests__/property-envelope.type-parity.ts"
"Evidence.reviewed_at","Evidence","reviewed_at","ISODateTime | null","EvidenceSchema","285","Evidence","src/domain/__tests__/property-envelope.type-parity.ts"
"AuctionItem.auction_item_id","AuctionItem","auction_item_id","string","AuctionItemSchema","316","AuctionItem","src/domain/__tests__/property-envelope.type-parity.ts"
"AuctionItem.parcel_id_raw","AuctionItem","parcel_id_raw","string | null","AuctionItemSchema","317","AuctionItem","src/domain/__tests__/property-envelope.type-parity.ts"
"AuctionItem.parcel_id_normalized","AuctionItem","parcel_id_normalized","string | null","AuctionItemSchema","318","AuctionItem","src/domain/__tests__/property-envelope.type-parity.ts"
"AuctionItem.address_raw","AuctionItem","address_raw","string | null","AuctionItemSchema","319","AuctionItem","src/domain/__tests__/property-envelope.type-parity.ts"
"AuctionItem.address_normalized","AuctionItem","address_normalized","string | null","AuctionItemSchema","320","AuctionItem","src/domain/__tests__/property-envelope.type-parity.ts"
"AuctionItem.municipality","AuctionItem","municipality","string | null","AuctionItemSchema","321","AuctionItem","src/domain/__tests__/property-envelope.type-parity.ts"
"AuctionItem.zip","AuctionItem","zip","string | null","AuctionItemSchema","322","AuctionItem","src/domain/__tests__/property-envelope.type-parity.ts"
"AuctionItem.status","AuctionItem","status","AuctionItemStatus","AuctionItemSchema","323","AuctionItem","src/domain/__tests__/property-envelope.type-parity.ts"
"AuctionItem.batch_id","AuctionItem","batch_id","string | null","AuctionItemSchema","324","AuctionItem","src/domain/__tests__/property-envelope.type-parity.ts"
"AuctionItem.auction_start_at","AuctionItem","auction_start_at","ISODateTime | null","AuctionItemSchema","325","AuctionItem","src/domain/__tests__/property-envelope.type-parity.ts"
"AuctionItem.minimum_bid","AuctionItem","minimum_bid","USDAmount | null","AuctionItemSchema","326","AuctionItem","src/domain/__tests__/property-envelope.type-parity.ts"
"AuctionItem.current_bid","AuctionItem","current_bid","USDAmount | null","AuctionItemSchema","327","AuctionItem","src/domain/__tests__/property-envelope.type-parity.ts"
"AuctionItem.sold_price","AuctionItem","sold_price","USDAmount | null","AuctionItemSchema","328","AuctionItem","src/domain/__tests__/property-envelope.type-parity.ts"
"AuctionItem.source_snapshot_id","AuctionItem","source_snapshot_id","AshID","AuctionItemSchema","329","AuctionItem","src/domain/__tests__/property-envelope.type-parity.ts"
"AuctionItem.source_page_reference","AuctionItem","source_page_reference","string | null","AuctionItemSchema","330","AuctionItem","src/domain/__tests__/property-envelope.type-parity.ts"
"AuctionItem.raw_fields","AuctionItem","raw_fields","Record<string, unknown>","AuctionItemSchema","331","AuctionItem","src/domain/__tests__/property-envelope.type-parity.ts"
"AuctionItem.captured_at","AuctionItem","captured_at","ISODateTime","AuctionItemSchema","332","AuctionItem","src/domain/__tests__/property-envelope.type-parity.ts"
"PropertyIdentity.property_id","PropertyIdentity","property_id","AshID","PropertyIdentitySchema","352","PropertyIdentity","src/domain/__tests__/property-envelope.type-parity.ts"
"PropertyIdentity.auction_item_ids","PropertyIdentity","auction_item_ids","string[]","PropertyIdentitySchema","353","PropertyIdentity","src/domain/__tests__/property-envelope.type-parity.ts"
"PropertyIdentity.parcel_id_normalized","PropertyIdentity","parcel_id_normalized","string | null","PropertyIdentitySchema","354","PropertyIdentity","src/domain/__tests__/property-envelope.type-parity.ts"
"PropertyIdentity.parcel_id_raw_variants","PropertyIdentity","parcel_id_raw_variants","string[]","PropertyIdentitySchema","355","PropertyIdentity","src/domain/__tests__/property-envelope.type-parity.ts"
"PropertyIdentity.address_normalized","PropertyIdentity","address_normalized","string | null","PropertyIdentitySchema","356","PropertyIdentity","src/domain/__tests__/property-envelope.type-parity.ts"
"PropertyIdentity.address_raw_variants","PropertyIdentity","address_raw_variants","string[]","PropertyIdentitySchema","357","PropertyIdentity","src/domain/__tests__/property-envelope.type-parity.ts"
"PropertyIdentity.municipality","PropertyIdentity","municipality","string | null","PropertyIdentitySchema","358","PropertyIdentity","src/domain/__tests__/property-envelope.type-parity.ts"
"PropertyIdentity.zip","PropertyIdentity","zip","string | null","PropertyIdentitySchema","359","PropertyIdentity","src/domain/__tests__/property-envelope.type-parity.ts"
"PropertyIdentity.gis_identifiers","PropertyIdentity","gis_identifiers","string[]","PropertyIdentitySchema","360","PropertyIdentity","src/domain/__tests__/property-envelope.type-parity.ts"
"PropertyIdentity.match_status","PropertyIdentity","match_status","IdentityMatchStatus","PropertyIdentitySchema","361","PropertyIdentity","src/domain/__tests__/property-envelope.type-parity.ts"
"PropertyIdentity.match_confidence","PropertyIdentity","match_confidence","Confidence","PropertyIdentitySchema","362","PropertyIdentity","src/domain/__tests__/property-envelope.type-parity.ts"
"PropertyIdentity.identity_evidence_ids","PropertyIdentity","identity_evidence_ids","AshID[]","PropertyIdentitySchema","363","PropertyIdentity","src/domain/__tests__/property-envelope.type-parity.ts"
"PropertyIdentity.created_at","PropertyIdentity","created_at","ISODateTime","PropertyIdentitySchema","364","PropertyIdentity","src/domain/__tests__/property-envelope.type-parity.ts"
"PropertyIdentity.updated_at","PropertyIdentity","updated_at","ISODateTime","PropertyIdentitySchema","365","PropertyIdentity","src/domain/__tests__/property-envelope.type-parity.ts"
"ParcelAttributes.parcel_id","ParcelAttributes","parcel_id","string","ParcelAttributesSchema","371","ParcelAttributes","src/domain/__tests__/property-envelope.type-parity.ts"
"ParcelAttributes.property_id","ParcelAttributes","property_id","AshID","ParcelAttributesSchema","372","ParcelAttributes","src/domain/__tests__/property-envelope.type-parity.ts"
"ParcelAttributes.geometry_wkt","ParcelAttributes","geometry_wkt","string | null","ParcelAttributesSchema","373","ParcelAttributes","src/domain/__tests__/property-envelope.type-parity.ts"
"ParcelAttributes.lot_area_sqft","ParcelAttributes","lot_area_sqft","number | null","ParcelAttributesSchema","374","ParcelAttributes","src/domain/__tests__/property-envelope.type-parity.ts"
"ParcelAttributes.lot_frontage_ft","ParcelAttributes","lot_frontage_ft","number | null","ParcelAttributesSchema","375","ParcelAttributes","src/domain/__tests__/property-envelope.type-parity.ts"
"ParcelAttributes.lot_depth_ft","ParcelAttributes","lot_depth_ft","number | null","ParcelAttributesSchema","376","ParcelAttributes","src/domain/__tests__/property-envelope.type-parity.ts"
"ParcelAttributes.legal_description","ParcelAttributes","legal_description","string | null","ParcelAttributesSchema","377","ParcelAttributes","src/domain/__tests__/property-envelope.type-parity.ts"
"ParcelAttributes.assessor_property_class","ParcelAttributes","assessor_property_class","string | null","ParcelAttributesSchema","378","ParcelAttributes","src/domain/__tests__/property-envelope.type-parity.ts"
"ParcelAttributes.assessed_value_land","ParcelAttributes","assessed_value_land","USDAmount | null","ParcelAttributesSchema","379","ParcelAttributes","src/domain/__tests__/property-envelope.type-parity.ts"
"ParcelAttributes.assessed_value_building","ParcelAttributes","assessed_value_building","USDAmount | null","ParcelAttributesSchema","380","ParcelAttributes","src/domain/__tests__/property-envelope.type-parity.ts"
"ParcelAttributes.assessed_value_total","ParcelAttributes","assessed_value_total","USDAmount | null","ParcelAttributesSchema","381","ParcelAttributes","src/domain/__tests__/property-envelope.type-parity.ts"
"ParcelAttributes.taxable_value","ParcelAttributes","taxable_value","USDAmount | null","ParcelAttributesSchema","382","ParcelAttributes","src/domain/__tests__/property-envelope.type-parity.ts"
"ParcelAttributes.source_id","ParcelAttributes","source_id","string","ParcelAttributesSchema","383","ParcelAttributes","src/domain/__tests__/property-envelope.type-parity.ts"
"ParcelAttributes.source_effective_date","ParcelAttributes","source_effective_date","ISODateTime | null","ParcelAttributesSchema","384","ParcelAttributes","src/domain/__tests__/property-envelope.type-parity.ts"
"ParcelAttributes.captured_at","ParcelAttributes","captured_at","ISODateTime","ParcelAttributesSchema","385","ParcelAttributes","src/domain/__tests__/property-envelope.type-parity.ts"
"PropertyCharacteristics.property_id","PropertyCharacteristics","property_id","AshID","PropertyCharacteristicsSchema","391","PropertyCharacteristics","src/domain/__tests__/property-envelope.type-parity.ts"
"PropertyCharacteristics.asset_class","PropertyCharacteristics","asset_class","AssetClass","PropertyCharacteristicsSchema","392","PropertyCharacteristics","src/domain/__tests__/property-envelope.type-parity.ts"
"PropertyCharacteristics.asset_class_confidence","PropertyCharacteristics","asset_class_confidence","Confidence","PropertyCharacteristicsSchema","393","PropertyCharacteristics","src/domain/__tests__/property-envelope.type-parity.ts"
"PropertyCharacteristics.asset_class_raw_label","PropertyCharacteristics","asset_class_raw_label","string | null","PropertyCharacteristicsSchema","394","PropertyCharacteristics","src/domain/__tests__/property-envelope.type-parity.ts"
"PropertyCharacteristics.structure_status","PropertyCharacteristics","structure_status","StructureStatus","PropertyCharacteristicsSchema","395","PropertyCharacteristics","src/domain/__tests__/property-envelope.type-parity.ts"
"PropertyCharacteristics.structure_status_signals","PropertyCharacteristics","structure_status_signals","string[]","PropertyCharacteristicsSchema","396","PropertyCharacteristics","src/domain/__tests__/property-envelope.type-parity.ts"
"PropertyCharacteristics.exterior_material","PropertyCharacteristics","exterior_material","string | null","PropertyCharacteristicsSchema","397","PropertyCharacteristics","src/domain/__tests__/property-envelope.type-parity.ts"
"PropertyCharacteristics.exterior_material_confidence","PropertyCharacteristics","exterior_material_confidence","Confidence","PropertyCharacteristicsSchema","398","PropertyCharacteristics","src/domain/__tests__/property-envelope.type-parity.ts"
"PropertyCharacteristics.year_built","PropertyCharacteristics","year_built","number | null","PropertyCharacteristicsSchema","399","PropertyCharacteristics","src/domain/__tests__/property-envelope.type-parity.ts"
"PropertyCharacteristics.total_sqft","PropertyCharacteristics","total_sqft","number | null","PropertyCharacteristicsSchema","400","PropertyCharacteristics","src/domain/__tests__/property-envelope.type-parity.ts"
"PropertyCharacteristics.unit_count","PropertyCharacteristics","unit_count","number | null","PropertyCharacteristicsSchema","401","PropertyCharacteristics","src/domain/__tests__/property-envelope.type-parity.ts"
"PropertyCharacteristics.stories","PropertyCharacteristics","stories","number | null","PropertyCharacteristicsSchema","402","PropertyCharacteristics","src/domain/__tests__/property-envelope.type-parity.ts"
"PropertyCharacteristics.bedrooms","PropertyCharacteristics","bedrooms","number | null","PropertyCharacteristicsSchema","403","PropertyCharacteristics","src/domain/__tests__/property-envelope.type-parity.ts"
"PropertyCharacteristics.bathrooms","PropertyCharacteristics","bathrooms","number | null","PropertyCharacteristicsSchema","404","PropertyCharacteristics","src/domain/__tests__/property-envelope.type-parity.ts"
"PropertyCharacteristics.has_basement","PropertyCharacteristics","has_basement","boolean | null","PropertyCharacteristicsSchema","405","PropertyCharacteristics","src/domain/__tests__/property-envelope.type-parity.ts"
"PropertyCharacteristics.has_garage","PropertyCharacteristics","has_garage","boolean | null","PropertyCharacteristicsSchema","406","PropertyCharacteristics","src/domain/__tests__/property-envelope.type-parity.ts"
"PropertyCharacteristics.roof_condition_known","PropertyCharacteristics","roof_condition_known","boolean","PropertyCharacteristicsSchema","407","PropertyCharacteristics","src/domain/__tests__/property-envelope.type-parity.ts"
"PropertyCharacteristics.foundation_condition_known","PropertyCharacteristics","foundation_condition_known","boolean","PropertyCharacteristicsSchema","408","PropertyCharacteristics","src/domain/__tests__/property-envelope.type-parity.ts"
"PropertyCharacteristics.occupancy_status","PropertyCharacteristics","occupancy_status","""occupied"" | ""vacant"" | ""unknown""","PropertyCharacteristicsSchema","409","PropertyCharacteristics","src/domain/__tests__/property-envelope.type-parity.ts"
"PropertyCharacteristics.occupancy_confidence","PropertyCharacteristics","occupancy_confidence","Confidence","PropertyCharacteristicsSchema","410","PropertyCharacteristics","src/domain/__tests__/property-envelope.type-parity.ts"
"ZoningRecord.property_id","ZoningRecord","property_id","AshID","ZoningRecordSchema","416","ZoningRecord","src/domain/__tests__/property-envelope.type-parity.ts"
"ZoningRecord.zoning_district","ZoningRecord","zoning_district","string | null","ZoningRecordSchema","417","ZoningRecord","src/domain/__tests__/property-envelope.type-parity.ts"
"ZoningRecord.zoning_overlay","ZoningRecord","zoning_overlay","string | null","ZoningRecordSchema","418","ZoningRecord","src/domain/__tests__/property-envelope.type-parity.ts"
"ZoningRecord.future_land_use","ZoningRecord","future_land_use","string | null","ZoningRecordSchema","419","ZoningRecord","src/domain/__tests__/property-envelope.type-parity.ts"
"ZoningRecord.permitted_uses","ZoningRecord","permitted_uses","string[]","ZoningRecordSchema","420","ZoningRecord","src/domain/__tests__/property-envelope.type-parity.ts"
"ZoningRecord.modular_container_eligible","ZoningRecord","modular_container_eligible","boolean | null","ZoningRecordSchema","421","ZoningRecord","src/domain/__tests__/property-envelope.type-parity.ts"
"ZoningRecord.zoning_verified","ZoningRecord","zoning_verified","boolean","ZoningRecordSchema","422","ZoningRecord","src/domain/__tests__/property-envelope.type-parity.ts"
"ZoningRecord.zoning_source_id","ZoningRecord","zoning_source_id","string | null","ZoningRecordSchema","423","ZoningRecord","src/domain/__tests__/property-envelope.type-parity.ts"
"ZoningRecord.zoning_verified_at","ZoningRecord","zoning_verified_at","ISODateTime | null","ZoningRecordSchema","424","ZoningRecord","src/domain/__tests__/property-envelope.type-parity.ts"
"ZoningRecord.municipality","ZoningRecord","municipality","string","ZoningRecordSchema","425","ZoningRecord","src/domain/__tests__/property-envelope.type-parity.ts"
"EnvironmentalFlags.property_id","EnvironmentalFlags","property_id","AshID","EnvironmentalFlagsSchema","431","EnvironmentalFlags","src/domain/__tests__/property-envelope.type-parity.ts"
"EnvironmentalFlags.fema_flood_zone","EnvironmentalFlags","fema_flood_zone","string | null","EnvironmentalFlagsSchema","432","EnvironmentalFlags","src/domain/__tests__/property-envelope.type-parity.ts"
"EnvironmentalFlags.fema_map_panel","EnvironmentalFlags","fema_map_panel","string | null","EnvironmentalFlagsSchema","433","EnvironmentalFlags","src/domain/__tests__/property-envelope.type-parity.ts"
"EnvironmentalFlags.fema_effective_date","EnvironmentalFlags","fema_effective_date","ISODate | null","EnvironmentalFlagsSchema","434","EnvironmentalFlags","src/domain/__tests__/property-envelope.type-parity.ts"
"EnvironmentalFlags.epa_facility_proximity","EnvironmentalFlags","epa_facility_proximity","boolean | null","EnvironmentalFlagsSchema","435","EnvironmentalFlags","src/domain/__tests__/property-envelope.type-parity.ts"
"EnvironmentalFlags.epa_facility_ids","EnvironmentalFlags","epa_facility_ids","string[]","EnvironmentalFlagsSchema","436","EnvironmentalFlags","src/domain/__tests__/property-envelope.type-parity.ts"
"EnvironmentalFlags.brownfield_flag","EnvironmentalFlags","brownfield_flag","boolean | null","EnvironmentalFlagsSchema","437","EnvironmentalFlags","src/domain/__tests__/property-envelope.type-parity.ts"
"EnvironmentalFlags.environmental_gate_required","EnvironmentalFlags","environmental_gate_required","boolean","EnvironmentalFlagsSchema","438","EnvironmentalFlags","src/domain/__tests__/property-envelope.type-parity.ts"
"EnvironmentalFlags.source_ids","EnvironmentalFlags","source_ids","string[]","EnvironmentalFlagsSchema","439","EnvironmentalFlags","src/domain/__tests__/property-envelope.type-parity.ts"
"EnvironmentalFlags.captured_at","EnvironmentalFlags","captured_at","ISODateTime","EnvironmentalFlagsSchema","440","EnvironmentalFlags","src/domain/__tests__/property-envelope.type-parity.ts"
"ImageryObservation.observation_id","ImageryObservation","observation_id","AshID","ImageryObservationSchema","453","ImageryObservation","src/domain/__tests__/property-envelope.type-parity.ts"
"ImageryObservation.property_id","ImageryObservation","property_id","AshID","ImageryObservationSchema","454","ImageryObservation","src/domain/__tests__/property-envelope.type-parity.ts"
"ImageryObservation.observation_type","ImageryObservation","observation_type","""street_imagery_triage"" | ""aerial_triage"" | ""operator_drive_by""","ImageryObservationSchema","455","ImageryObservation","src/domain/__tests__/property-envelope.type-parity.ts"
"ImageryObservation.provider","ImageryObservation","provider","string","ImageryObservationSchema","456","ImageryObservation","src/domain/__tests__/property-envelope.type-parity.ts"
"ImageryObservation.capture_date_visible","ImageryObservation","capture_date_visible","ISODate | null","ImageryObservationSchema","457","ImageryObservation","src/domain/__tests__/property-envelope.type-parity.ts"
"ImageryObservation.observed","ImageryObservation","observed","string[]","ImageryObservationSchema","458","ImageryObservation","src/domain/__tests__/property-envelope.type-parity.ts"
"ImageryObservation.not_observed","ImageryObservation","not_observed","string[]","ImageryObservationSchema","459","ImageryObservation","src/domain/__tests__/property-envelope.type-parity.ts"
"ImageryObservation.confidence","ImageryObservation","confidence","Confidence","ImageryObservationSchema","460","ImageryObservation","src/domain/__tests__/property-envelope.type-parity.ts"
"ImageryObservation.human_review_required","ImageryObservation","human_review_required","boolean","ImageryObservationSchema","461","ImageryObservation","src/domain/__tests__/property-envelope.type-parity.ts"
"ImageryObservation.evidence_id","ImageryObservation","evidence_id","AshID","ImageryObservationSchema","462","ImageryObservation","src/domain/__tests__/property-envelope.type-parity.ts"
"ImageryObservation.captured_at","ImageryObservation","captured_at","ISODateTime","ImageryObservationSchema","463","ImageryObservation","src/domain/__tests__/property-envelope.type-parity.ts"
"MarketSale.sale_id","MarketSale","sale_id","AshID","MarketSaleSchema","469","MarketSale","src/domain/__tests__/property-envelope.type-parity.ts"
"MarketSale.parcel_id","MarketSale","parcel_id","string | null","MarketSaleSchema","470","MarketSale","src/domain/__tests__/property-envelope.type-parity.ts"
"MarketSale.address","MarketSale","address","string | null","MarketSaleSchema","471","MarketSale","src/domain/__tests__/property-envelope.type-parity.ts"
"MarketSale.municipality","MarketSale","municipality","string","MarketSaleSchema","472","MarketSale","src/domain/__tests__/property-envelope.type-parity.ts"
"MarketSale.sale_date","MarketSale","sale_date","ISODate","MarketSaleSchema","473","MarketSale","src/domain/__tests__/property-envelope.type-parity.ts"
"MarketSale.sale_price","MarketSale","sale_price","USDAmount","MarketSaleSchema","474","MarketSale","src/domain/__tests__/property-envelope.type-parity.ts"
"MarketSale.property_type","MarketSale","property_type","AssetClass | null","MarketSaleSchema","475","MarketSale","src/domain/__tests__/property-envelope.type-parity.ts"
"MarketSale.sqft","MarketSale","sqft","number | null","MarketSaleSchema","476","MarketSale","src/domain/__tests__/property-envelope.type-parity.ts"
"MarketSale.unit_count","MarketSale","unit_count","number | null","MarketSaleSchema","477","MarketSale","src/domain/__tests__/property-envelope.type-parity.ts"
"MarketSale.transaction_validity","MarketSale","transaction_validity","""arms_length"" | ""non_arms_length"" | ""unknown""","MarketSaleSchema","478","MarketSale","src/domain/__tests__/property-envelope.type-parity.ts"
"MarketSale.source_id","MarketSale","source_id","string","MarketSaleSchema","479","MarketSale","src/domain/__tests__/property-envelope.type-parity.ts"
"MarketSale.source_effective_date","MarketSale","source_effective_date","ISODateTime | null","MarketSaleSchema","480","MarketSale","src/domain/__tests__/property-envelope.type-parity.ts"
"MarketSale.captured_at","MarketSale","captured_at","ISODateTime","MarketSaleSchema","481","MarketSale","src/domain/__tests__/property-envelope.type-parity.ts"
"ComparableSet.comparable_set_id","ComparableSet","comparable_set_id","AshID","ComparableSetSchema","485","ComparableSet","src/domain/__tests__/property-envelope.type-parity.ts"
"ComparableSet.property_id","ComparableSet","property_id","AshID","ComparableSetSchema","486","ComparableSet","src/domain/__tests__/property-envelope.type-parity.ts"
"ComparableSet.comparables","ComparableSet","comparables","ComparableMember[]","ComparableSetSchema","487","ComparableSet","src/domain/__tests__/property-envelope.type-parity.ts"
"ComparableSet.exit_value_low","ComparableSet","exit_value_low","USDAmount | null","ComparableSetSchema","488","ComparableSet","src/domain/__tests__/property-envelope.type-parity.ts"
"ComparableSet.exit_value_base","ComparableSet","exit_value_base","USDAmount | null","ComparableSetSchema","489","ComparableSet","src/domain/__tests__/property-envelope.type-parity.ts"
"ComparableSet.exit_value_high","ComparableSet","exit_value_high","USDAmount | null","ComparableSetSchema","490","ComparableSet","src/domain/__tests__/property-envelope.type-parity.ts"
"ComparableSet.confidence","ComparableSet","confidence","Confidence","ComparableSetSchema","491","ComparableSet","src/domain/__tests__/property-envelope.type-parity.ts"
"ComparableSet.minimum_comp_threshold_met","ComparableSet","minimum_comp_threshold_met","boolean","ComparableSetSchema","492","ComparableSet","src/domain/__tests__/property-envelope.type-parity.ts"
"ComparableSet.model_version","ComparableSet","model_version","string","ComparableSetSchema","493","ComparableSet","src/domain/__tests__/property-envelope.type-parity.ts"
"ComparableSet.calculated_at","ComparableSet","calculated_at","ISODateTime","ComparableSetSchema","494","ComparableSet","src/domain/__tests__/property-envelope.type-parity.ts"
"ComparableMember.sale_id","ComparableMember","sale_id","AshID","ComparableMemberSchema","498","ComparableMember","src/domain/__tests__/property-envelope.type-parity.ts"
"ComparableMember.distance_miles","ComparableMember","distance_miles","number","ComparableMemberSchema","499","ComparableMember","src/domain/__tests__/property-envelope.type-parity.ts"
"ComparableMember.age_months","ComparableMember","age_months","number","ComparableMemberSchema","500","ComparableMember","src/domain/__tests__/property-envelope.type-parity.ts"
"ComparableMember.adjustment_notes","ComparableMember","adjustment_notes","string[]","ComparableMemberSchema","501","ComparableMember","src/domain/__tests__/property-envelope.type-parity.ts"
"ComparableMember.weight","ComparableMember","weight","number","ComparableMemberSchema","502","ComparableMember","src/domain/__tests__/property-envelope.type-parity.ts"
"RepairScenario.property_id","RepairScenario","property_id","AshID","RepairScenarioSchema","508","RepairScenario","src/domain/__tests__/property-envelope.type-parity.ts"
"RepairScenario.repair_low","RepairScenario","repair_low","USDAmount","RepairScenarioSchema","509","RepairScenario","src/domain/__tests__/property-envelope.type-parity.ts"
"RepairScenario.repair_base","RepairScenario","repair_base","USDAmount","RepairScenarioSchema","510","RepairScenario","src/domain/__tests__/property-envelope.type-parity.ts"
"RepairScenario.repair_high","RepairScenario","repair_high","USDAmount","RepairScenarioSchema","511","RepairScenario","src/domain/__tests__/property-envelope.type-parity.ts"
"RepairScenario.unknown_condition_contingency","RepairScenario","unknown_condition_contingency","USDAmount","RepairScenarioSchema","512","RepairScenario","src/domain/__tests__/property-envelope.type-parity.ts"
"RepairScenario.scope_description","RepairScenario","scope_description","string","RepairScenarioSchema","513","RepairScenario","src/domain/__tests__/property-envelope.type-parity.ts"
"RepairScenario.input_classification","RepairScenario","input_classification","Record<string, ""source_derived"" | ""operator_entered"" | ""default"" | ""unknown"">","RepairScenarioSchema","514","RepairScenario","src/domain/__tests__/property-envelope.type-parity.ts"
"RepairScenario.evidence_ids","RepairScenario","evidence_ids","AshID[]","RepairScenarioSchema","515","RepairScenario","src/domain/__tests__/property-envelope.type-parity.ts"
"RepairScenario.calculated_at","RepairScenario","calculated_at","ISODateTime","RepairScenarioSchema","516","RepairScenario","src/domain/__tests__/property-envelope.type-parity.ts"
"FinanceScenario.property_id","FinanceScenario","property_id","AshID","FinanceScenarioSchema","520","FinanceScenario","src/domain/__tests__/property-envelope.type-parity.ts"
"FinanceScenario.loan_product","FinanceScenario","loan_product","string | null","FinanceScenarioSchema","521","FinanceScenario","src/domain/__tests__/property-envelope.type-parity.ts"
"FinanceScenario.ltv_ratio","FinanceScenario","ltv_ratio","number | null","FinanceScenarioSchema","522","FinanceScenario","src/domain/__tests__/property-envelope.type-parity.ts"
"FinanceScenario.interest_rate","FinanceScenario","interest_rate","number | null","FinanceScenarioSchema","523","FinanceScenario","src/domain/__tests__/property-envelope.type-parity.ts"
"FinanceScenario.term_months","FinanceScenario","term_months","number | null","FinanceScenarioSchema","524","FinanceScenario","src/domain/__tests__/property-envelope.type-parity.ts"
"FinanceScenario.monthly_payment","FinanceScenario","monthly_payment","USDAmount | null","FinanceScenarioSchema","525","FinanceScenario","src/domain/__tests__/property-envelope.type-parity.ts"
"FinanceScenario.holding_cost_monthly","FinanceScenario","holding_cost_monthly","USDAmount | null","FinanceScenarioSchema","526","FinanceScenario","src/domain/__tests__/property-envelope.type-parity.ts"
"FinanceScenario.financing_cost_total","FinanceScenario","financing_cost_total","USDAmount | null","FinanceScenarioSchema","527","FinanceScenario","src/domain/__tests__/property-envelope.type-parity.ts"
"FinanceScenario.dscr_ratio","FinanceScenario","dscr_ratio","number | null","FinanceScenarioSchema","528","FinanceScenario","src/domain/__tests__/property-envelope.type-parity.ts"
"FinanceScenario.projected_monthly_rent","FinanceScenario","projected_monthly_rent","USDAmount | null","FinanceScenarioSchema","529","FinanceScenario","src/domain/__tests__/property-envelope.type-parity.ts"
"FinanceScenario.rent_source","FinanceScenario","rent_source","string | null","FinanceScenarioSchema","530","FinanceScenario","src/domain/__tests__/property-envelope.type-parity.ts"
"FinanceScenario.rent_confidence","FinanceScenario","rent_confidence","Confidence","FinanceScenarioSchema","531","FinanceScenario","src/domain/__tests__/property-envelope.type-parity.ts"
"FinanceScenario.input_classification","FinanceScenario","input_classification","Record<string, ""source_derived"" | ""operator_entered"" | ""default"" | ""unknown"">","FinanceScenarioSchema","532","FinanceScenario","src/domain/__tests__/property-envelope.type-parity.ts"
"FinanceScenario.calculated_at","FinanceScenario","calculated_at","ISODateTime","FinanceScenarioSchema","533","FinanceScenario","src/domain/__tests__/property-envelope.type-parity.ts"
"TitleResearchCase.case_id","TitleResearchCase","case_id","AshID","TitleResearchCaseSchema","539","TitleResearchCase","src/domain/__tests__/property-envelope.type-parity.ts"
"TitleResearchCase.property_id","TitleResearchCase","property_id","AshID","TitleResearchCaseSchema","540","TitleResearchCase","src/domain/__tests__/property-envelope.type-parity.ts"
"TitleResearchCase.title_status","TitleResearchCase","title_status","TitleStatus","TitleResearchCaseSchema","541","TitleResearchCase","src/domain/__tests__/property-envelope.type-parity.ts"
"TitleResearchCase.search_terms","TitleResearchCase","search_terms","string[]","TitleResearchCaseSchema","542","TitleResearchCase","src/domain/__tests__/property-envelope.type-parity.ts"
"TitleResearchCase.result_links","TitleResearchCase","result_links","string[]","TitleResearchCaseSchema","543","TitleResearchCase","src/domain/__tests__/property-envelope.type-parity.ts"
"TitleResearchCase.red_flags","TitleResearchCase","red_flags","string[]","TitleResearchCaseSchema","544","TitleResearchCase","src/domain/__tests__/property-envelope.type-parity.ts"
"TitleResearchCase.professional_escalation_required","TitleResearchCase","professional_escalation_required","boolean","TitleResearchCaseSchema","545","TitleResearchCase","src/domain/__tests__/property-envelope.type-parity.ts"
"TitleResearchCase.professional_reviewer","TitleResearchCase","professional_reviewer","string | null","TitleResearchCaseSchema","546","TitleResearchCase","src/domain/__tests__/property-envelope.type-parity.ts"
"TitleResearchCase.legal_title_reserve","TitleResearchCase","legal_title_reserve","USDAmount | null","TitleResearchCaseSchema","547","TitleResearchCase","src/domain/__tests__/property-envelope.type-parity.ts"
"TitleResearchCase.title_insurance_cost_estimate","TitleResearchCase","title_insurance_cost_estimate","USDAmount | null","TitleResearchCaseSchema","548","TitleResearchCase","src/domain/__tests__/property-envelope.type-parity.ts"
"TitleResearchCase.time_to_clear_months","TitleResearchCase","time_to_clear_months","number | null","TitleResearchCaseSchema","549","TitleResearchCase","src/domain/__tests__/property-envelope.type-parity.ts"
"TitleResearchCase.evidence_ids","TitleResearchCase","evidence_ids","AshID[]","TitleResearchCaseSchema","550","TitleResearchCase","src/domain/__tests__/property-envelope.type-parity.ts"
"TitleResearchCase.researched_at","TitleResearchCase","researched_at","ISODateTime","TitleResearchCaseSchema","551","TitleResearchCase","src/domain/__tests__/property-envelope.type-parity.ts"
"TitleResearchCase.reviewed_by","TitleResearchCase","reviewed_by","string | null","TitleResearchCaseSchema","552","TitleResearchCase","src/domain/__tests__/property-envelope.type-parity.ts"
"CourtResearchCase.case_id","CourtResearchCase","case_id","AshID","CourtResearchCaseSchema","556","CourtResearchCase","src/domain/__tests__/property-envelope.type-parity.ts"
"CourtResearchCase.property_id","CourtResearchCase","property_id","AshID","CourtResearchCaseSchema","557","CourtResearchCase","src/domain/__tests__/property-envelope.type-parity.ts"
"CourtResearchCase.court_name","CourtResearchCase","court_name","string","CourtResearchCaseSchema","558","CourtResearchCase","src/domain/__tests__/property-envelope.type-parity.ts"
"CourtResearchCase.docket_number","CourtResearchCase","docket_number","string | null","CourtResearchCaseSchema","559","CourtResearchCase","src/domain/__tests__/property-envelope.type-parity.ts"
"CourtResearchCase.case_type","CourtResearchCase","case_type","string | null","CourtResearchCaseSchema","560","CourtResearchCase","src/domain/__tests__/property-envelope.type-parity.ts"
"CourtResearchCase.parties","CourtResearchCase","parties","string[]","CourtResearchCaseSchema","561","CourtResearchCase","src/domain/__tests__/property-envelope.type-parity.ts"
"CourtResearchCase.status_flag","CourtResearchCase","status_flag","string | null","CourtResearchCaseSchema","562","CourtResearchCase","src/domain/__tests__/property-envelope.type-parity.ts"
"CourtResearchCase.documents_available_online","CourtResearchCase","documents_available_online","boolean","CourtResearchCaseSchema","563","CourtResearchCase","src/domain/__tests__/property-envelope.type-parity.ts"
"CourtResearchCase.evidence_ids","CourtResearchCase","evidence_ids","AshID[]","CourtResearchCaseSchema","564","CourtResearchCase","src/domain/__tests__/property-envelope.type-parity.ts"
"CourtResearchCase.researched_at","CourtResearchCase","researched_at","ISODateTime","CourtResearchCaseSchema","565","CourtResearchCase","src/domain/__tests__/property-envelope.type-parity.ts"
"NeighborhoodContext.geography_id","NeighborhoodContext","geography_id","string","NeighborhoodContextSchema","575","NeighborhoodContext","src/domain/__tests__/property-envelope.type-parity.ts"
"NeighborhoodContext.geography_type","NeighborhoodContext","geography_type","""census_tract"" | ""census_block_group"" | ""zip""","NeighborhoodContextSchema","576","NeighborhoodContext","src/domain/__tests__/property-envelope.type-parity.ts"
"NeighborhoodContext.vacancy_rate","NeighborhoodContext","vacancy_rate","number | null","NeighborhoodContextSchema","577","NeighborhoodContext","src/domain/__tests__/property-envelope.type-parity.ts"
"NeighborhoodContext.owner_occupancy_rate","NeighborhoodContext","owner_occupancy_rate","number | null","NeighborhoodContextSchema","578","NeighborhoodContext","src/domain/__tests__/property-envelope.type-parity.ts"
"NeighborhoodContext.median_household_income","NeighborhoodContext","median_household_income","USDAmount | null","NeighborhoodContextSchema","579","NeighborhoodContext","src/domain/__tests__/property-envelope.type-parity.ts"
"NeighborhoodContext.median_gross_rent","NeighborhoodContext","median_gross_rent","USDAmount | null","NeighborhoodContextSchema","580","NeighborhoodContext","src/domain/__tests__/property-envelope.type-parity.ts"
"NeighborhoodContext.poverty_rate","NeighborhoodContext","poverty_rate","number | null","NeighborhoodContextSchema","581","NeighborhoodContext","src/domain/__tests__/property-envelope.type-parity.ts"
"NeighborhoodContext.vacancy_5yr_trend","NeighborhoodContext","vacancy_5yr_trend","number | null","NeighborhoodContextSchema","582","NeighborhoodContext","src/domain/__tests__/property-envelope.type-parity.ts"
"NeighborhoodContext.income_5yr_trend","NeighborhoodContext","income_5yr_trend","number | null","NeighborhoodContextSchema","583","NeighborhoodContext","src/domain/__tests__/property-envelope.type-parity.ts"
"NeighborhoodContext.source_dataset","NeighborhoodContext","source_dataset","string","NeighborhoodContextSchema","584","NeighborhoodContext","src/domain/__tests__/property-envelope.type-parity.ts"
"NeighborhoodContext.release_year","NeighborhoodContext","release_year","number","NeighborhoodContextSchema","585","NeighborhoodContext","src/domain/__tests__/property-envelope.type-parity.ts"
"NeighborhoodContext.captured_at","NeighborhoodContext","captured_at","ISODateTime","NeighborhoodContextSchema","586","NeighborhoodContext","src/domain/__tests__/property-envelope.type-parity.ts"
"Strategy.property_id","Strategy","property_id","AshID","StrategySchema","592","Strategy","src/domain/__tests__/property-envelope.type-parity.ts"
"Strategy.recommended_action","Strategy","recommended_action","RecommendedAction","StrategySchema","593","Strategy","src/domain/__tests__/property-envelope.type-parity.ts"
"Strategy.candidate_actions","Strategy","candidate_actions","RecommendedAction[]","StrategySchema","594","Strategy","src/domain/__tests__/property-envelope.type-parity.ts"
"Strategy.why","Strategy","why","string[]","StrategySchema","595","Strategy","src/domain/__tests__/property-envelope.type-parity.ts"
"Strategy.counter_signals","Strategy","counter_signals","string[]","StrategySchema","596","Strategy","src/domain/__tests__/property-envelope.type-parity.ts"
"Strategy.rules_triggered","Strategy","rules_triggered","string[]","StrategySchema","597","Strategy","src/domain/__tests__/property-envelope.type-parity.ts"
"Strategy.evidence_ids","Strategy","evidence_ids","AshID[]","StrategySchema","598","Strategy","src/domain/__tests__/property-envelope.type-parity.ts"
"Strategy.model_version","Strategy","model_version","string","StrategySchema","599","Strategy","src/domain/__tests__/property-envelope.type-parity.ts"
"Strategy.calculated_at","Strategy","calculated_at","ISODateTime","StrategySchema","600","Strategy","src/domain/__tests__/property-envelope.type-parity.ts"
"BidPlan.bid_plan_id","BidPlan","bid_plan_id","AshID","BidPlanSchema","621","BidPlan","src/domain/__tests__/property-envelope.type-parity.ts"
"BidPlan.property_id","BidPlan","property_id","AshID","BidPlanSchema","622","BidPlan","src/domain/__tests__/property-envelope.type-parity.ts"
"BidPlan.target_bid","BidPlan","target_bid","USDAmount | null","BidPlanSchema","623","BidPlan","src/domain/__tests__/property-envelope.type-parity.ts"
"BidPlan.hard_max_bid","BidPlan","hard_max_bid","USDAmount | null","BidPlanSchema","624","BidPlan","src/domain/__tests__/property-envelope.type-parity.ts"
"BidPlan.currency","BidPlan","currency","""USD""","BidPlanSchema","625","BidPlan","src/domain/__tests__/property-envelope.type-parity.ts"
"BidPlan.formula_version","BidPlan","formula_version","string","BidPlanSchema","626","BidPlan","src/domain/__tests__/property-envelope.type-parity.ts"
"BidPlan.input_classification","BidPlan","input_classification","Record<string, ""source_derived"" | ""operator_entered"" | ""default"" | ""unknown"">","BidPlanSchema","642","BidPlan","src/domain/__tests__/property-envelope.type-parity.ts"
"BidPlan.sensitivity_results","BidPlan","sensitivity_results","Record<string, unknown> | null","BidPlanSchema","643","BidPlan","src/domain/__tests__/property-envelope.type-parity.ts"
"BidPlan.blocking_gates","BidPlan","blocking_gates","ReviewGateType[]","BidPlanSchema","644","BidPlan","src/domain/__tests__/property-envelope.type-parity.ts"
"BidPlan.warning_gates","BidPlan","warning_gates","ReviewGateType[]","BidPlanSchema","645","BidPlan","src/domain/__tests__/property-envelope.type-parity.ts"
"BidPlan.evidence_ids","BidPlan","evidence_ids","AshID[]","BidPlanSchema","646","BidPlan","src/domain/__tests__/property-envelope.type-parity.ts"
"BidPlan.calculated_at","BidPlan","calculated_at","ISODateTime","BidPlanSchema","647","BidPlan","src/domain/__tests__/property-envelope.type-parity.ts"
"BidPlan.fresh_until","BidPlan","fresh_until","ISODateTime | null","BidPlanSchema","648","BidPlan","src/domain/__tests__/property-envelope.type-parity.ts"
"Recommendation.recommendation_id","Recommendation","recommendation_id","AshID","RecommendationSchema","658","Recommendation","src/domain/__tests__/property-envelope.type-parity.ts"
"Recommendation.property_id","Recommendation","property_id","AshID","RecommendationSchema","659","Recommendation","src/domain/__tests__/property-envelope.type-parity.ts"
"Recommendation.model_version","Recommendation","model_version","string","RecommendationSchema","660","Recommendation","src/domain/__tests__/property-envelope.type-parity.ts"
"Recommendation.decision_state","Recommendation","decision_state","DecisionState","RecommendationSchema","661","Recommendation","src/domain/__tests__/property-envelope.type-parity.ts"
"Recommendation.strategy","Recommendation","strategy","Strategy","RecommendationSchema","662","Recommendation","src/domain/__tests__/property-envelope.type-parity.ts"
"Recommendation.bid_plan","Recommendation","bid_plan","BidPlan","RecommendationSchema","663","Recommendation","src/domain/__tests__/property-envelope.type-parity.ts"
"Recommendation.fidelity_status","Recommendation","fidelity_status","FidelityStatus","RecommendationSchema","675","Recommendation","src/domain/__tests__/property-envelope.type-parity.ts"
"Recommendation.calculated_at","Recommendation","calculated_at","ISODateTime","RecommendationSchema","676","Recommendation","src/domain/__tests__/property-envelope.type-parity.ts"
"Recommendation.fresh_until","Recommendation","fresh_until","ISODateTime | null","RecommendationSchema","677","Recommendation","src/domain/__tests__/property-envelope.type-parity.ts"
"HumanEscalation.escalation_id","HumanEscalation","escalation_id","AshID","HumanEscalationSchema","687","HumanEscalation","src/domain/__tests__/property-envelope.type-parity.ts"
"HumanEscalation.property_id","HumanEscalation","property_id","AshID","HumanEscalationSchema","688","HumanEscalation","src/domain/__tests__/property-envelope.type-parity.ts"
"HumanEscalation.what_is_missing","HumanEscalation","what_is_missing","string","HumanEscalationSchema","689","HumanEscalation","src/domain/__tests__/property-envelope.type-parity.ts"
"HumanEscalation.why_automation_cannot_establish","HumanEscalation","why_automation_cannot_establish","string","HumanEscalationSchema","690","HumanEscalation","src/domain/__tests__/property-envelope.type-parity.ts"
"HumanEscalation.official_destination","HumanEscalation","official_destination","string | null","HumanEscalationSchema","691","HumanEscalation","src/domain/__tests__/property-envelope.type-parity.ts"
"HumanEscalation.identifiers_needed","HumanEscalation","identifiers_needed","string[]","HumanEscalationSchema","692","HumanEscalation","src/domain/__tests__/property-envelope.type-parity.ts"
"HumanEscalation.information_to_bring_back","HumanEscalation","information_to_bring_back","string[]","HumanEscalationSchema","693","HumanEscalation","src/domain/__tests__/property-envelope.type-parity.ts"
"HumanEscalation.escalation_type","HumanEscalation","escalation_type","""title"" | ""inspection"" | ""zoning"" | ""legal"" | ""environmental"" | ""other""","HumanEscalationSchema","694","HumanEscalation","src/domain/__tests__/property-envelope.type-parity.ts"
"HumanEscalation.status","HumanEscalation","status","""open"" | ""in_progress"" | ""resolved"" | ""waived""","HumanEscalationSchema","695","HumanEscalation","src/domain/__tests__/property-envelope.type-parity.ts"
"HumanEscalation.operator_result","HumanEscalation","operator_result","OperatorEvidence | null","HumanEscalationSchema","696","HumanEscalation","src/domain/__tests__/property-envelope.type-parity.ts"
"HumanEscalation.created_at","HumanEscalation","created_at","ISODateTime","HumanEscalationSchema","697","HumanEscalation","src/domain/__tests__/property-envelope.type-parity.ts"
"HumanEscalation.resolved_at","HumanEscalation","resolved_at","ISODateTime | null","HumanEscalationSchema","698","HumanEscalation","src/domain/__tests__/property-envelope.type-parity.ts"
"OperatorEvidence.evidence_id","OperatorEvidence","evidence_id","AshID","OperatorEvidenceSchema","704","OperatorEvidence","src/domain/__tests__/property-envelope.type-parity.ts"
"OperatorEvidence.property_id","OperatorEvidence","property_id","AshID","OperatorEvidenceSchema","705","OperatorEvidence","src/domain/__tests__/property-envelope.type-parity.ts"
"OperatorEvidence.source_description","OperatorEvidence","source_description","string","OperatorEvidenceSchema","706","OperatorEvidence","src/domain/__tests__/property-envelope.type-parity.ts"
"OperatorEvidence.finding","OperatorEvidence","finding","string","OperatorEvidenceSchema","707","OperatorEvidence","src/domain/__tests__/property-envelope.type-parity.ts"
"OperatorEvidence.attribution","OperatorEvidence","attribution","string","OperatorEvidenceSchema","708","OperatorEvidence","src/domain/__tests__/property-envelope.type-parity.ts"
"OperatorEvidence.timestamp","OperatorEvidence","timestamp","ISODateTime","OperatorEvidenceSchema","709","OperatorEvidence","src/domain/__tests__/property-envelope.type-parity.ts"
"OperatorEvidence.provenance","OperatorEvidence","provenance","string","OperatorEvidenceSchema","710","OperatorEvidence","src/domain/__tests__/property-envelope.type-parity.ts"
"OperatorEvidence.evidence_artifacts","OperatorEvidence","evidence_artifacts","string[]","OperatorEvidenceSchema","711","OperatorEvidence","src/domain/__tests__/property-envelope.type-parity.ts"
"OperatorAction.action_id","OperatorAction","action_id","AshID","OperatorActionSchema","715","OperatorAction","src/domain/__tests__/property-envelope.type-parity.ts"
"OperatorAction.property_id","OperatorAction","property_id","AshID","OperatorActionSchema","716","OperatorAction","src/domain/__tests__/property-envelope.type-parity.ts"
"OperatorAction.reason","OperatorAction","reason","string","OperatorActionSchema","727","OperatorAction","src/domain/__tests__/property-envelope.type-parity.ts"
"OperatorAction.previous_value","OperatorAction","previous_value","unknown | null","OperatorActionSchema","728","OperatorAction","src/domain/__tests__/property-envelope.type-parity.ts"
"OperatorAction.new_value","OperatorAction","new_value","unknown | null","OperatorActionSchema","729","OperatorAction","src/domain/__tests__/property-envelope.type-parity.ts"
"OperatorAction.timestamp","OperatorAction","timestamp","ISODateTime","OperatorActionSchema","730","OperatorAction","src/domain/__tests__/property-envelope.type-parity.ts"
"OperatorAction.actor","OperatorAction","actor","string","OperatorActionSchema","731","OperatorAction","src/domain/__tests__/property-envelope.type-parity.ts"
"OperatorPreferences.profile_id","OperatorPreferences","profile_id","AshID","OperatorPreferencesSchema","741","OperatorPreferences","src/domain/__tests__/property-envelope.type-parity.ts"
"OperatorPreferences.version","OperatorPreferences","version","number","OperatorPreferencesSchema","742","OperatorPreferences","src/domain/__tests__/property-envelope.type-parity.ts"
"OperatorPreferences.feedback_events","OperatorPreferences","feedback_events","PreferenceFeedback[]","OperatorPreferencesSchema","759","OperatorPreferences","src/domain/__tests__/property-envelope.type-parity.ts"
"OperatorPreferences.created_at","OperatorPreferences","created_at","ISODateTime","OperatorPreferencesSchema","760","OperatorPreferences","src/domain/__tests__/property-envelope.type-parity.ts"
"OperatorPreferences.updated_at","OperatorPreferences","updated_at","ISODateTime","OperatorPreferencesSchema","761","OperatorPreferences","src/domain/__tests__/property-envelope.type-parity.ts"
"PreferenceFeedback.feedback_id","PreferenceFeedback","feedback_id","AshID","PreferenceFeedbackSchema","765","PreferenceFeedback","src/domain/__tests__/property-envelope.type-parity.ts"
"PreferenceFeedback.property_id","PreferenceFeedback","property_id","AshID","PreferenceFeedbackSchema","766","PreferenceFeedback","src/domain/__tests__/property-envelope.type-parity.ts"
"PreferenceFeedback.signal","PreferenceFeedback","signal","""thumbs_up"" | ""thumbs_down""","PreferenceFeedbackSchema","767","PreferenceFeedback","src/domain/__tests__/property-envelope.type-parity.ts"
"PreferenceFeedback.reason","PreferenceFeedback","reason","string | null","PreferenceFeedbackSchema","768","PreferenceFeedback","src/domain/__tests__/property-envelope.type-parity.ts"
"PreferenceFeedback.timestamp","PreferenceFeedback","timestamp","ISODateTime","PreferenceFeedbackSchema","769","PreferenceFeedback","src/domain/__tests__/property-envelope.type-parity.ts"
"PromotionSnapshot.promotion_id","PromotionSnapshot","promotion_id","AshID","PromotionSnapshotSchema","786","PromotionSnapshot","src/domain/__tests__/property-envelope.type-parity.ts"
"PromotionSnapshot.property_id","PromotionSnapshot","property_id","AshID","PromotionSnapshotSchema","787","PromotionSnapshot","src/domain/__tests__/property-envelope.type-parity.ts"
"PromotionSnapshot.envelope","PromotionSnapshot","envelope","PropertyEnvelope","PromotionSnapshotSchema","788","PromotionSnapshot","src/domain/__tests__/property-envelope.type-parity.ts"
"PromotionSnapshot.schema_version","PromotionSnapshot","schema_version","string","PromotionSnapshotSchema","789","PromotionSnapshot","src/domain/__tests__/property-envelope.type-parity.ts"
"PromotionSnapshot.promoted_at","PromotionSnapshot","promoted_at","ISODateTime","PromotionSnapshotSchema","790","PromotionSnapshot","src/domain/__tests__/property-envelope.type-parity.ts"
"PromotionSnapshot.promoted_by","PromotionSnapshot","promoted_by","string","PromotionSnapshotSchema","791","PromotionSnapshot","src/domain/__tests__/property-envelope.type-parity.ts"
"PromotionSnapshot.stale_evidence","PromotionSnapshot","stale_evidence","string[]","PromotionSnapshotSchema","792","PromotionSnapshot","src/domain/__tests__/property-envelope.type-parity.ts"
"PromotionSnapshot.missing_evidence","PromotionSnapshot","missing_evidence","string[]","PromotionSnapshotSchema","793","PromotionSnapshot","src/domain/__tests__/property-envelope.type-parity.ts"
"PromotionSnapshot.active_warnings","PromotionSnapshot","active_warnings","string[]","PromotionSnapshotSchema","794","PromotionSnapshot","src/domain/__tests__/property-envelope.type-parity.ts"
"PromotionSnapshot.blocking_gates","PromotionSnapshot","blocking_gates","ReviewGateType[]","PromotionSnapshotSchema","795","PromotionSnapshot","src/domain/__tests__/property-envelope.type-parity.ts"
"PromotionSnapshot.firestore_document_id","PromotionSnapshot","firestore_document_id","string | null","PromotionSnapshotSchema","796","PromotionSnapshot","src/domain/__tests__/property-envelope.type-parity.ts"
"PromotionSnapshot.status","PromotionSnapshot","status","""promoted"" | ""updated"" | ""unpublished"" | ""retired""","PromotionSnapshotSchema","797","PromotionSnapshot","src/domain/__tests__/property-envelope.type-parity.ts"
"PromotionSnapshot.unpublished_at","PromotionSnapshot","unpublished_at","ISODateTime | null","PromotionSnapshotSchema","798","PromotionSnapshot","src/domain/__tests__/property-envelope.type-parity.ts"
"AuditLogEntry.log_id","AuditLogEntry","log_id","AshID","AuditLogEntrySchema","830","AuditLogEntry","src/domain/__tests__/property-envelope.type-parity.ts"
"AuditLogEntry.entity_type","AuditLogEntry","entity_type","string","AuditLogEntrySchema","843","AuditLogEntry","src/domain/__tests__/property-envelope.type-parity.ts"
"AuditLogEntry.entity_id","AuditLogEntry","entity_id","AshID","AuditLogEntrySchema","844","AuditLogEntry","src/domain/__tests__/property-envelope.type-parity.ts"
"AuditLogEntry.actor","AuditLogEntry","actor","string","AuditLogEntrySchema","845","AuditLogEntry","src/domain/__tests__/property-envelope.type-parity.ts"
"AuditLogEntry.version","AuditLogEntry","version","string | null","AuditLogEntrySchema","846","AuditLogEntry","src/domain/__tests__/property-envelope.type-parity.ts"
"AuditLogEntry.detail","AuditLogEntry","detail","Record<string, unknown>","AuditLogEntrySchema","847","AuditLogEntry","src/domain/__tests__/property-envelope.type-parity.ts"
"AuditLogEntry.timestamp","AuditLogEntry","timestamp","ISODateTime","AuditLogEntrySchema","848","AuditLogEntry","src/domain/__tests__/property-envelope.type-parity.ts"
"ExportRecord.export_id","ExportRecord","export_id","AshID","ExportRecordSchema","858","ExportRecord","src/domain/__tests__/property-envelope.type-parity.ts"
"ExportRecord.property_id","ExportRecord","property_id","AshID","ExportRecordSchema","859","ExportRecord","src/domain/__tests__/property-envelope.type-parity.ts"
"ExportRecord.format","ExportRecord","format","""html"" | ""csv"" | ""xlsx"" | ""json"" | ""markdown""","ExportRecordSchema","860","ExportRecord","src/domain/__tests__/property-envelope.type-parity.ts"
"ExportRecord.schema_version","ExportRecord","schema_version","string","ExportRecordSchema","861","ExportRecord","src/domain/__tests__/property-envelope.type-parity.ts"
"ExportRecord.envelope_snapshot","ExportRecord","envelope_snapshot","PropertyEnvelope","ExportRecordSchema","862","ExportRecord","src/domain/__tests__/property-envelope.type-parity.ts"
"ExportRecord.exported_at","ExportRecord","exported_at","ISODateTime","ExportRecordSchema","863","ExportRecord","src/domain/__tests__/property-envelope.type-parity.ts"
"ExportRecord.exported_by","ExportRecord","exported_by","string","ExportRecordSchema","864","ExportRecord","src/domain/__tests__/property-envelope.type-parity.ts"
"PropertyEnvelope.schema_version","PropertyEnvelope","schema_version","string","PropertyEnvelopeSchema","888","PropertyEnvelope","src/domain/__tests__/property-envelope.type-parity.ts"
"PropertyEnvelope.envelope_timestamp","PropertyEnvelope","envelope_timestamp","ISODateTime","PropertyEnvelopeSchema","889","PropertyEnvelope","src/domain/__tests__/property-envelope.type-parity.ts"
"PropertyEnvelope.identity","PropertyEnvelope","identity","PropertyIdentity","PropertyEnvelopeSchema","892","PropertyEnvelope","src/domain/__tests__/property-envelope.type-parity.ts"
"PropertyEnvelope.characteristics","PropertyEnvelope","characteristics","PropertyCharacteristics","PropertyEnvelopeSchema","922","PropertyEnvelope","src/domain/__tests__/property-envelope.type-parity.ts"
"PropertyEnvelope.parcel","PropertyEnvelope","parcel","ParcelAttributes | null","PropertyEnvelopeSchema","925","PropertyEnvelope","src/domain/__tests__/property-envelope.type-parity.ts"
"PropertyEnvelope.zoning","PropertyEnvelope","zoning","ZoningRecord | null","PropertyEnvelopeSchema","928","PropertyEnvelope","src/domain/__tests__/property-envelope.type-parity.ts"
"PropertyEnvelope.environmental","PropertyEnvelope","environmental","EnvironmentalFlags | null","PropertyEnvelopeSchema","931","PropertyEnvelope","src/domain/__tests__/property-envelope.type-parity.ts"
"PropertyEnvelope.neighborhood","PropertyEnvelope","neighborhood","NeighborhoodContext | null","PropertyEnvelopeSchema","934","PropertyEnvelope","src/domain/__tests__/property-envelope.type-parity.ts"
"PropertyEnvelope.strategy","PropertyEnvelope","strategy","Strategy","PropertyEnvelopeSchema","937","PropertyEnvelope","src/domain/__tests__/property-envelope.type-parity.ts"
"PropertyEnvelope.bid_plan","PropertyEnvelope","bid_plan","BidPlan","PropertyEnvelopeSchema","940","PropertyEnvelope","src/domain/__tests__/property-envelope.type-parity.ts"
"PropertyEnvelope.title","PropertyEnvelope","title","TitleResearchCase | null","PropertyEnvelopeSchema","957","PropertyEnvelope","src/domain/__tests__/property-envelope.type-parity.ts"
"PropertyEnvelope.court_cases","PropertyEnvelope","court_cases","CourtResearchCase[]","PropertyEnvelopeSchema","958","PropertyEnvelope","src/domain/__tests__/property-envelope.type-parity.ts"
"PropertyEnvelope.imagery","PropertyEnvelope","imagery","ImageryObservation[]","PropertyEnvelopeSchema","961","PropertyEnvelope","src/domain/__tests__/property-envelope.type-parity.ts"
"PropertyEnvelope.confidence","PropertyEnvelope","confidence","Confidence","PropertyEnvelopeSchema","980","PropertyEnvelope","src/domain/__tests__/property-envelope.type-parity.ts"
"PropertyEnvelope.fidelity_status","PropertyEnvelope","fidelity_status","FidelityStatus","PropertyEnvelopeSchema","981","PropertyEnvelope","src/domain/__tests__/property-envelope.type-parity.ts"
"PropertyEnvelope.missing_information","PropertyEnvelope","missing_information","string[]","PropertyEnvelopeSchema","990","PropertyEnvelope","src/domain/__tests__/property-envelope.type-parity.ts"
"PropertyEnvelope.known_unknowns","PropertyEnvelope","known_unknowns","string[]","PropertyEnvelopeSchema","991","PropertyEnvelope","src/domain/__tests__/property-envelope.type-parity.ts"
"PropertyEnvelope.human_escalations","PropertyEnvelope","human_escalations","HumanEscalation[]","PropertyEnvelopeSchema","994","PropertyEnvelope","src/domain/__tests__/property-envelope.type-parity.ts"
"PropertyEnvelope.recommendation","PropertyEnvelope","recommendation","Recommendation","PropertyEnvelopeSchema","997","PropertyEnvelope","src/domain/__tests__/property-envelope.type-parity.ts"
"PropertyEnvelope.decision_state","PropertyEnvelope","decision_state","DecisionState","PropertyEnvelopeSchema","1007","PropertyEnvelope","src/domain/__tests__/property-envelope.type-parity.ts"
"PropertyEnvelope.ingestion_state","PropertyEnvelope","ingestion_state","IngestionState","PropertyEnvelopeSchema","1008","PropertyEnvelope","src/domain/__tests__/property-envelope.type-parity.ts"
"PropertyEnvelope.created_at","PropertyEnvelope","created_at","ISODateTime","PropertyEnvelopeSchema","1019","PropertyEnvelope","src/domain/__tests__/property-envelope.type-parity.ts"
"PropertyEnvelope.updated_at","PropertyEnvelope","updated_at","ISODateTime","PropertyEnvelopeSchema","1020","PropertyEnvelope","src/domain/__tests__/property-envelope.type-parity.ts"
"PropertyEnvelope.last_enriched_at","PropertyEnvelope","last_enriched_at","ISODateTime | null","PropertyEnvelopeSchema","1021","PropertyEnvelope","src/domain/__tests__/property-envelope.type-parity.ts"
"PropertyEnvelope.last_scored_at","PropertyEnvelope","last_scored_at","ISODateTime | null","PropertyEnvelopeSchema","1022","PropertyEnvelope","src/domain/__tests__/property-envelope.type-parity.ts"
